﻿<?xml version="1.0" encoding="utf-8"?>
<FinancialDisclosure>
  <Member>
    <Prefix>Dr.</Prefix>
    <Last>Alexander</Last>
    <First>Myrtle Patricia</First>
    <Suffix />
    <FilingType>D</FilingType>
    <StateDst>DC00</StateDst>
    <Year>2024</Year>
    <FilingDate>1/31/2024</FilingDate>
    <DocID>8220122</DocID>
  </Member>
  <Member>
    <Prefix>Hon.</Prefix>
    <Last>Allen</Last>
    <First>Richard W.</First>
    <Suffix />
    <FilingType>P</FilingType>
    <StateDst>GA12</StateDst>
    <Year>2024</Year>
    <FilingDate>1/11/2024</FilingDate>
    <DocID>20024277</DocID>
  </Member>
  <Member>
    <Prefix>Hon.</Prefix>
    <Last>Allen</Last>
    <First>Richard W.</First>
    <Suffix />
    <FilingType>P</FilingType>
    <StateDst>GA12</StateDst>
    <Year>2024</Year>
    <FilingDate>2/16/2024</FilingDate>
    <DocID>20024458</DocID>
  </Member>
  <Member>
    <Prefix>Dr.</Prefix>
    <Last>Almonord</Last>
    <First>Valbrun</First>
    <Suffix />
    <FilingType>C</FilingType>
    <StateDst>GA00</StateDst>
    <Year>2024</Year>
    <FilingDate>2/16/2024</FilingDate>
    <DocID>10056790</DocID>
  </Member>
  <Member>
    <Prefix />
    <Last>Becker</Last>
    <First>Rick</First>
    <Suffix />
    <FilingType>C</FilingType>
    <StateDst>ND00</StateDst>
    <Year>2024</Year>
    <FilingDate>2/21/2024</FilingDate>
    <DocID>10056708</DocID>
  </Member>
  <Member>
    <Prefix>Hon.</Prefix>
    <Last>Bentz</Last>
    <First>Cliff</First>
    <Suffix />
    <FilingType>P</FilingType>
    <StateDst>OR02</StateDst>
    <Year>2024</Year>
    <FilingDate>2/13/2024</FilingDate>
    <DocID>20024492</DocID>
  </Member>
  <Member>
    <Prefix />
    <Last>Biggs</Last>
    <First>Sheri</First>
    <Suffix />
    <FilingType>X</FilingType>
    <StateDst>SC03</StateDst>
    <Year>2024</Year>
    <FilingDate>2/21/2024</FilingDate>
    <DocID>30019610</DocID>
  </Member>
  <Member>
    <Prefix />
    <Last>Blewett</Last>
    <First>David</First>
    <Suffix />
    <FilingType>C</FilingType>
    <StateDst>TX32</StateDst>
    <Year>2024</Year>
    <FilingDate>2/5/2024</FilingDate>
    <DocID>10056727</DocID>
  </Member>
  <Member>
    <Prefix>Hon.</Prefix>
    <Last>Blumenauer</Last>
    <First>Earl</First>
    <Suffix />
    <FilingType>P</FilingType>
    <StateDst>OR03</StateDst>
    <Year>2024</Year>
    <FilingDate>1/4/2024</FilingDate>
    <DocID>20024254</DocID>
  </Member>
  <Member>
    <Prefix>Hon.</Prefix>
    <Last>Burgess</Last>
    <First>Michael C.</First>
    <Suffix />
    <FilingType>P</FilingType>
    <StateDst>TX26</StateDst>
    <Year>2024</Year>
    <FilingDate>1/8/2024</FilingDate>
    <DocID>20024265</DocID>
  </Member>
  <Member>
    <Prefix>Hon.</Prefix>
    <Last>Burgess</Last>
    <First>Michael C.</First>
    <Suffix />
    <FilingType>P</FilingType>
    <StateDst>TX26</StateDst>
    <Year>2024</Year>
    <FilingDate>1/22/2024</FilingDate>
    <DocID>20024330</DocID>
  </Member>
  <Member>
    <Prefix>Hon.</Prefix>
    <Last>Burgess</Last>
    <First>Michael C.</First>
    <Suffix />
    <FilingType>P</FilingType>
    <StateDst>TX26</StateDst>
    <Year>2024</Year>
    <FilingDate>2/5/2024</FilingDate>
    <DocID>20024437</DocID>
  </Member>
  <Member>
    <Prefix>Hon.</Prefix>
    <Last>Casten</Last>
    <First>Sean</First>
    <Suffix />
    <FilingType>P</FilingType>
    <StateDst>IL06</StateDst>
    <Year>2024</Year>
    <FilingDate>1/16/2024</FilingDate>
    <DocID>20023805</DocID>
  </Member>
  <Member>
    <Prefix />
    <Last>Castro</Last>
    <First>Dustin</First>
    <Suffix />
    <FilingType>W</FilingType>
    <StateDst>CO04</StateDst>
    <Year>2024</Year>
    <FilingDate>2/1/2024</FilingDate>
    <DocID>7917</DocID>
  </Member>
  <Member>
    <Prefix>Hon.</Prefix>
    <Last>Chu</Last>
    <First>Judy</First>
    <Suffix />
    <FilingType>P</FilingType>
    <StateDst>CA28</StateDst>
    <Year>2024</Year>
    <FilingDate>1/21/2024</FilingDate>
    <DocID>20024347</DocID>
  </Member>
  <Member>
    <Prefix>Hon.</Prefix>
    <Last>Clark</Last>
    <First>Katherine M.</First>
    <Suffix />
    <FilingType>P</FilingType>
    <StateDst>MA05</StateDst>
    <Year>2024</Year>
    <FilingDate>2/12/2024</FilingDate>
    <DocID>20024435</DocID>
  </Member>
  <Member>
    <Prefix />
    <Last>Cleveland</Last>
    <First>Scott</First>
    <Suffix />
    <FilingType>C</FilingType>
    <StateDst>ID02</StateDst>
    <Year>2024</Year>
    <FilingDate>2/6/2024</FilingDate>
    <DocID>10056732</DocID>
  </Member>
  <Member>
    <Prefix>Hon.</Prefix>
    <Last>Cohen</Last>
    <First>Steve</First>
    <Suffix />
    <FilingType>P</FilingType>
    <StateDst>TN09</StateDst>
    <Year>2024</Year>
    <FilingDate>1/4/2024</FilingDate>
    <DocID>20024188</DocID>
  </Member>
  <Member>
    <Prefix />
    <Last>Cohn</Last>
    <First>Joseph</First>
    <Suffix />
    <FilingType>X</FilingType>
    <StateDst>NJ03</StateDst>
    <Year>2024</Year>
    <FilingDate>2/21/2024</FilingDate>
    <DocID>30019609</DocID>
  </Member>
  <Member>
    <Prefix>Mrs.</Prefix>
    <Last>Coleman</Last>
    <First>Octavia</First>
    <Suffix />
    <FilingType>D</FilingType>
    <StateDst>GA13</StateDst>
    <Year>2024</Year>
    <FilingDate>2/5/2024</FilingDate>
    <DocID>40003599</DocID>
  </Member>
  <Member>
    <Prefix>Hon.</Prefix>
    <Last>Collins</Last>
    <First>Michael A.</First>
    <Suffix />
    <FilingType>P</FilingType>
    <StateDst>GA10</StateDst>
    <Year>2024</Year>
    <FilingDate>1/9/2024</FilingDate>
    <DocID>20024275</DocID>
  </Member>
  <Member>
    <Prefix />
    <Last>Crabb</Last>
    <First>Vincent Darrell</First>
    <Suffix />
    <FilingType>C</FilingType>
    <StateDst>TX25</StateDst>
    <Year>2024</Year>
    <FilingDate>2/5/2024</FilingDate>
    <DocID>10056719</DocID>
  </Member>
  <Member>
    <Prefix />
    <Last>Crandall</Last>
    <First>Terry Lawrence</First>
    <Suffix />
    <FilingType>C</FilingType>
    <StateDst>CA47</StateDst>
    <Year>2024</Year>
    <FilingDate>2/8/2024</FilingDate>
    <DocID>10056748</DocID>
  </Member>
  <Member>
    <Prefix />
    <Last>Crane</Last>
    <First>Mike</First>
    <Suffix />
    <FilingType>C</FilingType>
    <StateDst>GA03</StateDst>
    <Year>2024</Year>
    <FilingDate>2/9/2024</FilingDate>
    <DocID>10056756</DocID>
  </Member>
  <Member>
    <Prefix>Mr.</Prefix>
    <Last>Cuddy</Last>
    <First>Dave</First>
    <Suffix />
    <FilingType>C</FilingType>
    <StateDst>TX35</StateDst>
    <Year>2024</Year>
    <FilingDate>1/31/2024</FilingDate>
    <DocID>8220148</DocID>
  </Member>
  <Member>
    <Prefix />
    <Last>Cunningham</Last>
    <First>Candace L.</First>
    <Suffix />
    <FilingType>D</FilingType>
    <StateDst>AZ03</StateDst>
    <Year>2024</Year>
    <FilingDate>1/16/2024</FilingDate>
    <DocID>40003584</DocID>
  </Member>
  <Member>
    <Prefix />
    <Last>Daughtry</Last>
    <First>Kelly</First>
    <Suffix />
    <FilingType>C</FilingType>
    <StateDst>NC13</StateDst>
    <Year>2024</Year>
    <FilingDate>2/2/2024</FilingDate>
    <DocID>8220124</DocID>
  </Member>
  <Member>
    <Prefix />
    <Last>De Franceschi</Last>
    <First>Vladimir</First>
    <Suffix />
    <FilingType>C</FilingType>
    <StateDst>TX26</StateDst>
    <Year>2024</Year>
    <FilingDate>2/4/2024</FilingDate>
    <DocID>10056698</DocID>
  </Member>
  <Member>
    <Prefix />
    <Last>De Franceschi</Last>
    <First>Vladimir</First>
    <Suffix />
    <FilingType>X</FilingType>
    <StateDst>TX26</StateDst>
    <Year>2024</Year>
    <FilingDate>2/9/2024</FilingDate>
    <DocID>8220138</DocID>
  </Member>
  <Member>
    <Prefix>Hon.</Prefix>
    <Last>DelBene</Last>
    <First>Suzan K.</First>
    <Suffix />
    <FilingType>P</FilingType>
    <StateDst>WA01</StateDst>
    <Year>2024</Year>
    <FilingDate>1/22/2024</FilingDate>
    <DocID>20024317</DocID>
  </Member>
  <Member>
    <Prefix>Hon.</Prefix>
    <Last>DelBene</Last>
    <First>Suzan K.</First>
    <Suffix />
    <FilingType>P</FilingType>
    <StateDst>WA01</StateDst>
    <Year>2024</Year>
    <FilingDate>2/5/2024</FilingDate>
    <DocID>20024425</DocID>
  </Member>
  <Member>
    <Prefix>Hon.</Prefix>
    <Last>DelBene</Last>
    <First>Suzan K.</First>
    <Suffix />
    <FilingType>P</FilingType>
    <StateDst>WA01</StateDst>
    <Year>2024</Year>
    <FilingDate>2/21/2024</FilingDate>
    <DocID>20024495</DocID>
  </Member>
  <Member>
    <Prefix />
    <Last>Denton</Last>
    <First>Jake</First>
    <Suffix />
    <FilingType>X</FilingType>
    <StateDst>VA02</StateDst>
    <Year>2024</Year>
    <FilingDate>2/21/2024</FilingDate>
    <DocID>30019605</DocID>
  </Member>
  <Member>
    <Prefix />
    <Last>Deters</Last>
    <First>Eric</First>
    <Suffix />
    <FilingType>X</FilingType>
    <StateDst>KY04</StateDst>
    <Year>2024</Year>
    <FilingDate>2/7/2024</FilingDate>
    <DocID>30019583</DocID>
  </Member>
  <Member>
    <Prefix />
    <Last>Devoe</Last>
    <First>Marion</First>
    <Suffix />
    <FilingType>C</FilingType>
    <StateDst>VA10</StateDst>
    <Year>2024</Year>
    <FilingDate>1/28/2024</FilingDate>
    <DocID>10056670</DocID>
  </Member>
  <Member>
    <Prefix />
    <Last>Devoe</Last>
    <First>Marion</First>
    <Suffix />
    <FilingType>D</FilingType>
    <StateDst>VA10</StateDst>
    <Year>2024</Year>
    <FilingDate>2/1/2024</FilingDate>
    <DocID>8220153</DocID>
  </Member>
  <Member>
    <Prefix>Hon.</Prefix>
    <Last>Dingell</Last>
    <First>Debbie</First>
    <Suffix />
    <FilingType>P</FilingType>
    <StateDst>MI06</StateDst>
    <Year>2024</Year>
    <FilingDate>2/15/2024</FilingDate>
    <DocID>20024270</DocID>
  </Member>
  <Member>
    <Prefix>Hon.</Prefix>
    <Last>Doggett</Last>
    <First>Lloyd</First>
    <Suffix />
    <FilingType>P</FilingType>
    <StateDst>TX37</StateDst>
    <Year>2024</Year>
    <FilingDate>1/8/2024</FilingDate>
    <DocID>20024268</DocID>
  </Member>
  <Member>
    <Prefix />
    <Last>Dudley</Last>
    <First>Stephen Paul</First>
    <Suffix />
    <FilingType>C</FilingType>
    <StateDst>TX14</StateDst>
    <Year>2024</Year>
    <FilingDate>2/13/2024</FilingDate>
    <DocID>10056772</DocID>
  </Member>
  <Member>
    <Prefix>Mr.</Prefix>
    <Last>Eller</Last>
    <First>Charles ivey</First>
    <Suffix />
    <FilingType>C</FilingType>
    <StateDst>NC10</StateDst>
    <Year>2024</Year>
    <FilingDate>1/29/2024</FilingDate>
    <DocID>10056678</DocID>
  </Member>
  <Member>
    <Prefix>Hon.</Prefix>
    <Last>Evans</Last>
    <First>Dwight</First>
    <Suffix />
    <FilingType>P</FilingType>
    <StateDst>PA03</StateDst>
    <Year>2024</Year>
    <FilingDate>1/17/2024</FilingDate>
    <DocID>20024324</DocID>
  </Member>
  <Member>
    <Prefix />
    <Last>Fallick-Wang</Last>
    <First>Katrina</First>
    <Suffix />
    <FilingType>D</FilingType>
    <StateDst>UT04</StateDst>
    <Year>2024</Year>
    <FilingDate>1/23/2024</FilingDate>
    <DocID>40003591</DocID>
  </Member>
  <Member>
    <Prefix>Hon.</Prefix>
    <Last>Fleischmann</Last>
    <First>Charles J. "Chuck"</First>
    <Suffix />
    <FilingType>P</FilingType>
    <StateDst>TN03</StateDst>
    <Year>2024</Year>
    <FilingDate>2/9/2024</FilingDate>
    <DocID>8220147</DocID>
  </Member>
  <Member>
    <Prefix>Hon.</Prefix>
    <Last>Foxx</Last>
    <First>Virginia</First>
    <Suffix />
    <FilingType>P</FilingType>
    <StateDst>NC05</StateDst>
    <Year>2024</Year>
    <FilingDate>1/4/2024</FilingDate>
    <DocID>20024230</DocID>
  </Member>
  <Member>
    <Prefix>Hon.</Prefix>
    <Last>Foxx</Last>
    <First>Virginia</First>
    <Suffix />
    <FilingType>P</FilingType>
    <StateDst>NC05</StateDst>
    <Year>2024</Year>
    <FilingDate>2/5/2024</FilingDate>
    <DocID>20024424</DocID>
  </Member>
  <Member>
    <Prefix>Hon.</Prefix>
    <Last>Gottheimer</Last>
    <First>Josh</First>
    <Suffix />
    <FilingType>P</FilingType>
    <StateDst>NJ05</StateDst>
    <Year>2024</Year>
    <FilingDate>1/7/2024</FilingDate>
    <DocID>20024248</DocID>
  </Member>
  <Member>
    <Prefix>Hon.</Prefix>
    <Last>Gottheimer</Last>
    <First>Josh</First>
    <Suffix />
    <FilingType>P</FilingType>
    <StateDst>NJ05</StateDst>
    <Year>2024</Year>
    <FilingDate>2/15/2024</FilingDate>
    <DocID>20024461</DocID>
  </Member>
  <Member>
    <Prefix>Hon.</Prefix>
    <Last>Graves</Last>
    <First>Garret</First>
    <Suffix />
    <FilingType>P</FilingType>
    <StateDst>LA06</StateDst>
    <Year>2024</Year>
    <FilingDate>2/15/2024</FilingDate>
    <DocID>20024517</DocID>
  </Member>
  <Member>
    <Prefix>Hon.</Prefix>
    <Last>Green</Last>
    <First>Mark Dr</First>
    <Suffix />
    <FilingType>P</FilingType>
    <StateDst>TN07</StateDst>
    <Year>2024</Year>
    <FilingDate>1/17/2024</FilingDate>
    <DocID>20024062</DocID>
  </Member>
  <Member>
    <Prefix>Hon.</Prefix>
    <Last>Green</Last>
    <First>Mark Dr</First>
    <Suffix />
    <FilingType>P</FilingType>
    <StateDst>TN07</StateDst>
    <Year>2024</Year>
    <FilingDate>2/1/2024</FilingDate>
    <DocID>20024413</DocID>
  </Member>
  <Member>
    <Prefix />
    <Last>Greene-Scott</Last>
    <First>Marquette</First>
    <Suffix />
    <FilingType>C</FilingType>
    <StateDst>TX22</StateDst>
    <Year>2024</Year>
    <FilingDate>2/4/2024</FilingDate>
    <DocID>10056705</DocID>
  </Member>
  <Member>
    <Prefix />
    <Last>Guinchard</Last>
    <First>Mary Jo-Ann</First>
    <Suffix />
    <FilingType>C</FilingType>
    <StateDst>NJ05</StateDst>
    <Year>2024</Year>
    <FilingDate>2/20/2024</FilingDate>
    <DocID>10056696</DocID>
  </Member>
  <Member>
    <Prefix />
    <Last>Hall</Last>
    <First>Barbara Harden</First>
    <Suffix />
    <FilingType>D</FilingType>
    <StateDst>FL11</StateDst>
    <Year>2024</Year>
    <FilingDate>2/1/2024</FilingDate>
    <DocID>40003594</DocID>
  </Member>
  <Member>
    <Prefix>Hon.</Prefix>
    <Last>Hern</Last>
    <First>Kevin</First>
    <Suffix />
    <FilingType>P</FilingType>
    <StateDst>OK01</StateDst>
    <Year>2024</Year>
    <FilingDate>1/13/2024</FilingDate>
    <DocID>20024305</DocID>
  </Member>
  <Member>
    <Prefix>Hon.</Prefix>
    <Last>Hern</Last>
    <First>Kevin</First>
    <Suffix />
    <FilingType>P</FilingType>
    <StateDst>OK01</StateDst>
    <Year>2024</Year>
    <FilingDate>2/11/2024</FilingDate>
    <DocID>20024481</DocID>
  </Member>
  <Member>
    <Prefix>Hon.</Prefix>
    <Last>Hill</Last>
    <First>James French</First>
    <Suffix />
    <FilingType>P</FilingType>
    <StateDst>AR02</StateDst>
    <Year>2024</Year>
    <FilingDate>1/10/2024</FilingDate>
    <DocID>20024215</DocID>
  </Member>
  <Member>
    <Prefix />
    <Last>Holder</Last>
    <First>Derrick Ross</First>
    <Suffix />
    <FilingType>D</FilingType>
    <StateDst>IN04</StateDst>
    <Year>2024</Year>
    <FilingDate>2/8/2024</FilingDate>
    <DocID>8220158</DocID>
  </Member>
  <Member>
    <Prefix />
    <Last>Holmes</Last>
    <First>Thomas Bethune</First>
    <Suffix />
    <FilingType>D</FilingType>
    <StateDst>AL01</StateDst>
    <Year>2024</Year>
    <FilingDate>2/5/2024</FilingDate>
    <DocID>40003600</DocID>
  </Member>
  <Member>
    <Prefix />
    <Last>Hood</Last>
    <First>Ron</First>
    <Suffix />
    <FilingType>C</FilingType>
    <StateDst>OH02</StateDst>
    <Year>2024</Year>
    <FilingDate>2/8/2024</FilingDate>
    <DocID>10056667</DocID>
  </Member>
  <Member>
    <Prefix />
    <Last>Hood</Last>
    <First>Ron</First>
    <Suffix />
    <FilingType>X</FilingType>
    <StateDst>OH02</StateDst>
    <Year>2024</Year>
    <FilingDate>1/29/2024</FilingDate>
    <DocID>30019580</DocID>
  </Member>
  <Member>
    <Prefix />
    <Last>Hood</Last>
    <First>Ron</First>
    <Suffix />
    <FilingType>X</FilingType>
    <StateDst>OH02</StateDst>
    <Year>2024</Year>
    <FilingDate>2/12/2024</FilingDate>
    <DocID>30019589</DocID>
  </Member>
  <Member>
    <Prefix>Mr.</Prefix>
    <Last>Hurt</Last>
    <First>Erik David</First>
    <Suffix />
    <FilingType>C</FilingType>
    <StateDst>IN08</StateDst>
    <Year>2024</Year>
    <FilingDate>2/19/2024</FilingDate>
    <DocID>10056758</DocID>
  </Member>
  <Member>
    <Prefix>Hon.</Prefix>
    <Last>Jackson</Last>
    <First>Jonathan</First>
    <Suffix />
    <FilingType>P</FilingType>
    <StateDst>IL01</StateDst>
    <Year>2024</Year>
    <FilingDate>1/12/2024</FilingDate>
    <DocID>20024253</DocID>
  </Member>
  <Member>
    <Prefix>Hon.</Prefix>
    <Last>Jackson</Last>
    <First>Jonathan</First>
    <Suffix />
    <FilingType>P</FilingType>
    <StateDst>IL01</StateDst>
    <Year>2024</Year>
    <FilingDate>2/15/2024</FilingDate>
    <DocID>20024450</DocID>
  </Member>
  <Member>
    <Prefix />
    <Last>Jenkins</Last>
    <First>David</First>
    <Suffix />
    <FilingType>W</FilingType>
    <StateDst />
    <Year>2024</Year>
    <FilingDate />
    <DocID>8220159</DocID>
  </Member>
  <Member>
    <Prefix />
    <Last>Johnson</Last>
    <First>Arthur Wayne</First>
    <Suffix />
    <FilingType>X</FilingType>
    <StateDst>GA02</StateDst>
    <Year>2024</Year>
    <FilingDate>2/23/2024</FilingDate>
    <DocID>8220163</DocID>
  </Member>
  <Member>
    <Prefix>Hon.</Prefix>
    <Last>Johnson</Last>
    <First>Bill</First>
    <Suffix />
    <FilingType>X</FilingType>
    <StateDst>OH06</StateDst>
    <Year>2024</Year>
    <FilingDate>2/20/2024</FilingDate>
    <DocID>30019614</DocID>
  </Member>
  <Member>
    <Prefix />
    <Last>Jones</Last>
    <First>Stewart</First>
    <Suffix />
    <FilingType>C</FilingType>
    <StateDst>SC03</StateDst>
    <Year>2024</Year>
    <FilingDate>2/26/2024</FilingDate>
    <DocID>10056825</DocID>
  </Member>
  <Member>
    <Prefix>Hon.</Prefix>
    <Last>Kean</Last>
    <First>Thomas H.</First>
    <Suffix>Jr.</Suffix>
    <FilingType>P</FilingType>
    <StateDst>NJ07</StateDst>
    <Year>2024</Year>
    <FilingDate>1/26/2024</FilingDate>
    <DocID>20024309</DocID>
  </Member>
  <Member>
    <Prefix>Hon.</Prefix>
    <Last>Kean</Last>
    <First>Thomas H.</First>
    <Suffix>Jr.</Suffix>
    <FilingType>P</FilingType>
    <StateDst>NJ07</StateDst>
    <Year>2024</Year>
    <FilingDate>2/20/2024</FilingDate>
    <DocID>20024509</DocID>
  </Member>
  <Member>
    <Prefix>Hon.</Prefix>
    <Last>Keating</Last>
    <First>William R.</First>
    <Suffix />
    <FilingType>P</FilingType>
    <StateDst>MA09</StateDst>
    <Year>2024</Year>
    <FilingDate>1/16/2024</FilingDate>
    <DocID>20023767</DocID>
  </Member>
  <Member>
    <Prefix>Hon.</Prefix>
    <Last>Keating</Last>
    <First>William R.</First>
    <Suffix />
    <FilingType>P</FilingType>
    <StateDst>MA09</StateDst>
    <Year>2024</Year>
    <FilingDate>2/5/2024</FilingDate>
    <DocID>20024445</DocID>
  </Member>
  <Member>
    <Prefix />
    <Last>Kelly</Last>
    <First>Durand Todd</First>
    <Suffix />
    <FilingType>A</FilingType>
    <StateDst>KY06</StateDst>
    <Year>2024</Year>
    <FilingDate>2/7/2024</FilingDate>
    <DocID>10056743</DocID>
  </Member>
  <Member>
    <Prefix />
    <Last>Kelly</Last>
    <First>Durand Todd</First>
    <Suffix />
    <FilingType>C</FilingType>
    <StateDst>KY06</StateDst>
    <Year>2024</Year>
    <FilingDate>2/6/2024</FilingDate>
    <DocID>10056632</DocID>
  </Member>
  <Member>
    <Prefix>Hon.</Prefix>
    <Last>Kelly</Last>
    <First>Mike</First>
    <Suffix />
    <FilingType>P</FilingType>
    <StateDst>PA16</StateDst>
    <Year>2024</Year>
    <FilingDate>1/12/2024</FilingDate>
    <DocID>20024300</DocID>
  </Member>
  <Member>
    <Prefix>Hon.</Prefix>
    <Last>Kelly</Last>
    <First>Mike</First>
    <Suffix />
    <FilingType>P</FilingType>
    <StateDst>PA16</StateDst>
    <Year>2024</Year>
    <FilingDate>2/13/2024</FilingDate>
    <DocID>20024494</DocID>
  </Member>
  <Member>
    <Prefix>Hon.</Prefix>
    <Last>Khanna</Last>
    <First>Rohit</First>
    <Suffix />
    <FilingType>P</FilingType>
    <StateDst>CA17</StateDst>
    <Year>2024</Year>
    <FilingDate>2/5/2024</FilingDate>
    <DocID>8220127</DocID>
  </Member>
  <Member>
    <Prefix />
    <Last>Kidd</Last>
    <First>Larry</First>
    <Suffix />
    <FilingType>C</FilingType>
    <StateDst>OH02</StateDst>
    <Year>2024</Year>
    <FilingDate>2/2/2024</FilingDate>
    <DocID>10056489</DocID>
  </Member>
  <Member>
    <Prefix />
    <Last>Kirkland</Last>
    <First>Kyle R.</First>
    <Suffix />
    <FilingType>A</FilingType>
    <StateDst>CA20</StateDst>
    <Year>2024</Year>
    <FilingDate>2/4/2024</FilingDate>
    <DocID>10056710</DocID>
  </Member>
  <Member>
    <Prefix />
    <Last>Kirkland</Last>
    <First>Kyle R.</First>
    <Suffix />
    <FilingType>C</FilingType>
    <StateDst>CA20</StateDst>
    <Year>2024</Year>
    <FilingDate>2/4/2024</FilingDate>
    <DocID>10056706</DocID>
  </Member>
  <Member>
    <Prefix />
    <Last>Kirkland</Last>
    <First>Kyle R.</First>
    <Suffix />
    <FilingType>X</FilingType>
    <StateDst>CA20</StateDst>
    <Year>2024</Year>
    <FilingDate>2/7/2024</FilingDate>
    <DocID>8220129</DocID>
  </Member>
  <Member>
    <Prefix>Mr.</Prefix>
    <Last>Knight</Last>
    <First>David</First>
    <Suffix />
    <FilingType>C</FilingType>
    <StateDst>CA43</StateDst>
    <Year>2024</Year>
    <FilingDate>2/2/2024</FilingDate>
    <DocID>10056699</DocID>
  </Member>
  <Member>
    <Prefix />
    <Last>Kripchak</Last>
    <First>Michael L.</First>
    <Suffix />
    <FilingType>D</FilingType>
    <StateDst>OH06</StateDst>
    <Year>2024</Year>
    <FilingDate>2/21/2024</FilingDate>
    <DocID>40003605</DocID>
  </Member>
  <Member>
    <Prefix />
    <Last>Kulikoff</Last>
    <First>Kelly</First>
    <Suffix />
    <FilingType>C</FilingType>
    <StateDst>CA20</StateDst>
    <Year>2024</Year>
    <FilingDate>1/22/2024</FilingDate>
    <DocID>10056642</DocID>
  </Member>
  <Member>
    <Prefix>Hon.</Prefix>
    <Last>Larsen</Last>
    <First>Rick</First>
    <Suffix />
    <FilingType>P</FilingType>
    <StateDst>WA02</StateDst>
    <Year>2024</Year>
    <FilingDate>1/19/2024</FilingDate>
    <DocID>20024339</DocID>
  </Member>
  <Member>
    <Prefix>Hon.</Prefix>
    <Last>Latta</Last>
    <First>Robert E.</First>
    <Suffix />
    <FilingType>P</FilingType>
    <StateDst>OH05</StateDst>
    <Year>2024</Year>
    <FilingDate>2/14/2024</FilingDate>
    <DocID>20024505</DocID>
  </Member>
  <Member>
    <Prefix>Hon.</Prefix>
    <Last>Lee</Last>
    <First>Laurel Mrs</First>
    <Suffix />
    <FilingType>P</FilingType>
    <StateDst>FL15</StateDst>
    <Year>2024</Year>
    <FilingDate>1/4/2024</FilingDate>
    <DocID>20024249</DocID>
  </Member>
  <Member>
    <Prefix />
    <Last>Lerner</Last>
    <First>Kari</First>
    <Suffix />
    <FilingType>C</FilingType>
    <StateDst>FL19</StateDst>
    <Year>2024</Year>
    <FilingDate>2/26/2024</FilingDate>
    <DocID>10056816</DocID>
  </Member>
  <Member>
    <Prefix />
    <Last>Lorenzen</Last>
    <First>Mark</First>
    <Suffix />
    <FilingType>C</FilingType>
    <StateDst>TX17</StateDst>
    <Year>2024</Year>
    <FilingDate>1/29/2024</FilingDate>
    <DocID>10056674</DocID>
  </Member>
  <Member>
    <Prefix />
    <Last>Lythcott-Haims</Last>
    <First>Julie</First>
    <Suffix />
    <FilingType>C</FilingType>
    <StateDst>CA16</StateDst>
    <Year>2024</Year>
    <FilingDate>2/3/2024</FilingDate>
    <DocID>10056518</DocID>
  </Member>
  <Member>
    <Prefix />
    <Last>Lythcott-Haims</Last>
    <First>Julie</First>
    <Suffix />
    <FilingType>X</FilingType>
    <StateDst>CA16</StateDst>
    <Year>2024</Year>
    <FilingDate>2/7/2024</FilingDate>
    <DocID>8220130</DocID>
  </Member>
  <Member>
    <Prefix>Hon.</Prefix>
    <Last>Malliotakis</Last>
    <First>Nicole</First>
    <Suffix />
    <FilingType>P</FilingType>
    <StateDst>NY11</StateDst>
    <Year>2024</Year>
    <FilingDate>1/30/2024</FilingDate>
    <DocID>8220119</DocID>
  </Member>
  <Member>
    <Prefix>Mr.</Prefix>
    <Last>Mandel</Last>
    <First>Charles Scott</First>
    <Suffix />
    <FilingType>C</FilingType>
    <StateDst>TX27</StateDst>
    <Year>2024</Year>
    <FilingDate>2/3/2024</FilingDate>
    <DocID>10056625</DocID>
  </Member>
  <Member>
    <Prefix>Mr.</Prefix>
    <Last>Mandel</Last>
    <First>Charles Scott</First>
    <Suffix />
    <FilingType>X</FilingType>
    <StateDst>TX27</StateDst>
    <Year>2024</Year>
    <FilingDate>2/7/2024</FilingDate>
    <DocID>8220131</DocID>
  </Member>
  <Member>
    <Prefix>Hon.</Prefix>
    <Last>Manning</Last>
    <First>Kathy</First>
    <Suffix />
    <FilingType>P</FilingType>
    <StateDst>NC06</StateDst>
    <Year>2024</Year>
    <FilingDate>1/12/2024</FilingDate>
    <DocID>20024231</DocID>
  </Member>
  <Member>
    <Prefix>Hon.</Prefix>
    <Last>Manning</Last>
    <First>Kathy</First>
    <Suffix />
    <FilingType>P</FilingType>
    <StateDst>NC06</StateDst>
    <Year>2024</Year>
    <FilingDate>2/6/2024</FilingDate>
    <DocID>20024436</DocID>
  </Member>
  <Member>
    <Prefix />
    <Last>Marin</Last>
    <First>Grady</First>
    <Suffix />
    <FilingType>C</FilingType>
    <StateDst>OH08</StateDst>
    <Year>2024</Year>
    <FilingDate>2/23/2024</FilingDate>
    <DocID>10056820</DocID>
  </Member>
  <Member>
    <Prefix>Hon.</Prefix>
    <Last>Matsui</Last>
    <First>Doris O.</First>
    <Suffix />
    <FilingType>P</FilingType>
    <StateDst>CA07</StateDst>
    <Year>2024</Year>
    <FilingDate>1/26/2024</FilingDate>
    <DocID>20024369</DocID>
  </Member>
  <Member>
    <Prefix>Hon.</Prefix>
    <Last>McCarthy</Last>
    <First>Kevin</First>
    <Suffix />
    <FilingType>T</FilingType>
    <StateDst>CA20</StateDst>
    <Year>2024</Year>
    <FilingDate>1/24/2024</FilingDate>
    <DocID>10056584</DocID>
  </Member>
  <Member>
    <Prefix>Hon.</Prefix>
    <Last>McCaul</Last>
    <First>Michael T.</First>
    <Suffix />
    <FilingType>P</FilingType>
    <StateDst>TX10</StateDst>
    <Year>2024</Year>
    <FilingDate>2/13/2024</FilingDate>
    <DocID>8220162</DocID>
  </Member>
  <Member>
    <Prefix />
    <Last>McGowan</Last>
    <First>Angelynn Brooke</First>
    <Suffix />
    <FilingType>A</FilingType>
    <StateDst>NC10</StateDst>
    <Year>2024</Year>
    <FilingDate>1/18/2024</FilingDate>
    <DocID>10056627</DocID>
  </Member>
  <Member>
    <Prefix />
    <Last>McGowan</Last>
    <First>Angelynn Brooke</First>
    <Suffix />
    <FilingType>C</FilingType>
    <StateDst>NC10</StateDst>
    <Year>2024</Year>
    <FilingDate>1/17/2024</FilingDate>
    <DocID>10056621</DocID>
  </Member>
  <Member>
    <Prefix />
    <Last>McNeal</Last>
    <First>Justin Shad Mr</First>
    <Suffix />
    <FilingType>X</FilingType>
    <StateDst>SD00</StateDst>
    <Year>2024</Year>
    <FilingDate>1/23/2024</FilingDate>
    <DocID>30019576</DocID>
  </Member>
  <Member>
    <Prefix />
    <Last>Meeks Milojevich</Last>
    <First>Janai</First>
    <Suffix />
    <FilingType>C</FilingType>
    <StateDst>CA01</StateDst>
    <Year>2024</Year>
    <FilingDate>2/18/2024</FilingDate>
    <DocID>10056796</DocID>
  </Member>
  <Member>
    <Prefix />
    <Last>Mehta</Last>
    <First>Leslie</First>
    <Suffix />
    <FilingType>X</FilingType>
    <StateDst>VA01</StateDst>
    <Year>2024</Year>
    <FilingDate>1/23/2024</FilingDate>
    <DocID>30019575</DocID>
  </Member>
  <Member>
    <Prefix />
    <Last>Melendez</Last>
    <First>Jose E.</First>
    <Suffix />
    <FilingType>X</FilingType>
    <StateDst>PR00</StateDst>
    <Year>2024</Year>
    <FilingDate>2/9/2024</FilingDate>
    <DocID>8220141</DocID>
  </Member>
  <Member>
    <Prefix />
    <Last>Merrin</Last>
    <First>Derek</First>
    <Suffix />
    <FilingType>C</FilingType>
    <StateDst>OH09</StateDst>
    <Year>2024</Year>
    <FilingDate>2/18/2024</FilingDate>
    <DocID>10056588</DocID>
  </Member>
  <Member>
    <Prefix />
    <Last>Merrin</Last>
    <First>Derek</First>
    <Suffix />
    <FilingType>X</FilingType>
    <StateDst>OH09</StateDst>
    <Year>2024</Year>
    <FilingDate>1/29/2024</FilingDate>
    <DocID>30019579</DocID>
  </Member>
  <Member>
    <Prefix>Hon.</Prefix>
    <Last>Miller</Last>
    <First>Max</First>
    <Suffix />
    <FilingType>P</FilingType>
    <StateDst>OH07</StateDst>
    <Year>2024</Year>
    <FilingDate>1/26/2024</FilingDate>
    <DocID>20024380</DocID>
  </Member>
  <Member>
    <Prefix>Hon.</Prefix>
    <Last>Miller</Last>
    <First>Max</First>
    <Suffix />
    <FilingType>P</FilingType>
    <StateDst>OH07</StateDst>
    <Year>2024</Year>
    <FilingDate>2/9/2024</FilingDate>
    <DocID>20024472</DocID>
  </Member>
  <Member>
    <Prefix>Hon.</Prefix>
    <Last>Miller</Last>
    <First>Max</First>
    <Suffix />
    <FilingType>P</FilingType>
    <StateDst>OH07</StateDst>
    <Year>2024</Year>
    <FilingDate>2/16/2024</FilingDate>
    <DocID>20024519</DocID>
  </Member>
  <Member>
    <Prefix />
    <Last>Monhollen</Last>
    <First>Brandon</First>
    <Suffix />
    <FilingType>C</FilingType>
    <StateDst>KY05</StateDst>
    <Year>2024</Year>
    <FilingDate>2/2/2024</FilingDate>
    <DocID>10056701</DocID>
  </Member>
  <Member>
    <Prefix>Hon.</Prefix>
    <Last>Moore</Last>
    <First>Blake</First>
    <Suffix />
    <FilingType>P</FilingType>
    <StateDst>UT01</StateDst>
    <Year>2024</Year>
    <FilingDate>1/24/2024</FilingDate>
    <DocID>20024354</DocID>
  </Member>
  <Member>
    <Prefix>Hon.</Prefix>
    <Last>Moskowitz</Last>
    <First>Jared</First>
    <Suffix />
    <FilingType>P</FilingType>
    <StateDst>FL23</StateDst>
    <Year>2024</Year>
    <FilingDate>1/22/2024</FilingDate>
    <DocID>20024286</DocID>
  </Member>
  <Member>
    <Prefix />
    <Last>Moss</Last>
    <First>Richard</First>
    <Suffix />
    <FilingType>X</FilingType>
    <StateDst>IN08</StateDst>
    <Year>2024</Year>
    <FilingDate>2/21/2024</FilingDate>
    <DocID>30019611</DocID>
  </Member>
  <Member>
    <Prefix />
    <Last>O'Hara</Last>
    <First>Tim</First>
    <Suffix />
    <FilingType>C</FilingType>
    <StateDst>OH02</StateDst>
    <Year>2024</Year>
    <FilingDate>2/18/2024</FilingDate>
    <DocID>10056590</DocID>
  </Member>
  <Member>
    <Prefix />
    <Last>Orr</Last>
    <First>Patrick</First>
    <Suffix />
    <FilingType>C</FilingType>
    <StateDst>SC03</StateDst>
    <Year>2024</Year>
    <FilingDate>2/21/2024</FilingDate>
    <DocID>10056806</DocID>
  </Member>
  <Member>
    <Prefix>Hon.</Prefix>
    <Last>Paulina Luna</Last>
    <First>Anna</First>
    <Suffix />
    <FilingType>P</FilingType>
    <StateDst>FL13</StateDst>
    <Year>2024</Year>
    <FilingDate>1/29/2024</FilingDate>
    <DocID>8220118</DocID>
  </Member>
  <Member>
    <Prefix>Hon.</Prefix>
    <Last>Pelosi</Last>
    <First>Nancy</First>
    <Suffix />
    <FilingType>P</FilingType>
    <StateDst>CA11</StateDst>
    <Year>2024</Year>
    <FilingDate>2/23/2024</FilingDate>
    <DocID>20024542</DocID>
  </Member>
  <Member>
    <Prefix>Hon.</Prefix>
    <Last>Peters</Last>
    <First>Scott H.</First>
    <Suffix />
    <FilingType>P</FilingType>
    <StateDst>CA50</StateDst>
    <Year>2024</Year>
    <FilingDate>1/22/2024</FilingDate>
    <DocID>20024316</DocID>
  </Member>
  <Member>
    <Prefix>Hon.</Prefix>
    <Last>Peters</Last>
    <First>Scott H.</First>
    <Suffix />
    <FilingType>P</FilingType>
    <StateDst>CA50</StateDst>
    <Year>2024</Year>
    <FilingDate>2/15/2024</FilingDate>
    <DocID>20024477</DocID>
  </Member>
  <Member>
    <Prefix>Hon.</Prefix>
    <Last>Phillips</Last>
    <First>Dean</First>
    <Suffix />
    <FilingType>B</FilingType>
    <StateDst>MN03</StateDst>
    <Year>2024</Year>
    <FilingDate>1/30/2024</FilingDate>
    <DocID>8220117</DocID>
  </Member>
  <Member>
    <Prefix>Hon.</Prefix>
    <Last>Pingree</Last>
    <First>Chellie</First>
    <Suffix />
    <FilingType>P</FilingType>
    <StateDst>ME01</StateDst>
    <Year>2024</Year>
    <FilingDate>2/6/2024</FilingDate>
    <DocID>20024446</DocID>
  </Member>
  <Member>
    <Prefix />
    <Last>Prabhudoss</Last>
    <First>John</First>
    <Suffix />
    <FilingType>C</FilingType>
    <StateDst>VA07</StateDst>
    <Year>2024</Year>
    <FilingDate>1/25/2024</FilingDate>
    <DocID>10056641</DocID>
  </Member>
  <Member>
    <Prefix />
    <Last>Pruett</Last>
    <First>Dasha</First>
    <Suffix />
    <FilingType>C</FilingType>
    <StateDst>PA05</StateDst>
    <Year>2024</Year>
    <FilingDate>2/22/2024</FilingDate>
    <DocID>10056666</DocID>
  </Member>
  <Member>
    <Prefix />
    <Last>Richmond</Last>
    <First>Quinn Lamar</First>
    <Suffix />
    <FilingType>C</FilingType>
    <StateDst>CA37</StateDst>
    <Year>2024</Year>
    <FilingDate>2/23/2024</FilingDate>
    <DocID>10056819</DocID>
  </Member>
  <Member>
    <Prefix>Hon.</Prefix>
    <Last>Rogers</Last>
    <First>Harold Dallas</First>
    <Suffix />
    <FilingType>P</FilingType>
    <StateDst>KY05</StateDst>
    <Year>2024</Year>
    <FilingDate>2/20/2024</FilingDate>
    <DocID>8220155</DocID>
  </Member>
  <Member>
    <Prefix>Hon.</Prefix>
    <Last>Salazar</Last>
    <First>Maria Elvira</First>
    <Suffix />
    <FilingType>P</FilingType>
    <StateDst>FL27</StateDst>
    <Year>2024</Year>
    <FilingDate>1/12/2024</FilingDate>
    <DocID>20024296</DocID>
  </Member>
  <Member>
    <Prefix>Hon.</Prefix>
    <Last>Salazar</Last>
    <First>Maria Elvira</First>
    <Suffix />
    <FilingType>P</FilingType>
    <StateDst>FL27</StateDst>
    <Year>2024</Year>
    <FilingDate>2/8/2024</FilingDate>
    <DocID>20024465</DocID>
  </Member>
  <Member>
    <Prefix />
    <Last>Schwartz</Last>
    <First>Dan</First>
    <Suffix />
    <FilingType>X</FilingType>
    <StateDst>NV03</StateDst>
    <Year>2024</Year>
    <FilingDate>2/21/2024</FilingDate>
    <DocID>30019608</DocID>
  </Member>
  <Member>
    <Prefix>Hon.</Prefix>
    <Last>Sessions</Last>
    <First>Pete</First>
    <Suffix />
    <FilingType>P</FilingType>
    <StateDst>TX17</StateDst>
    <Year>2024</Year>
    <FilingDate>1/24/2024</FilingDate>
    <DocID>20024212</DocID>
  </Member>
  <Member>
    <Prefix>Hon.</Prefix>
    <Last>Spartz</Last>
    <First>Victoria</First>
    <Suffix />
    <FilingType>P</FilingType>
    <StateDst>IN05</StateDst>
    <Year>2024</Year>
    <FilingDate>2/15/2024</FilingDate>
    <DocID>20024515</DocID>
  </Member>
  <Member>
    <Prefix />
    <Last>Speedy</Last>
    <First>Mike</First>
    <Suffix />
    <FilingType>X</FilingType>
    <StateDst>IN06</StateDst>
    <Year>2024</Year>
    <FilingDate>2/7/2024</FilingDate>
    <DocID>8220132</DocID>
  </Member>
  <Member>
    <Prefix />
    <Last>Stephens</Last>
    <First>Shannon Emily</First>
    <Suffix />
    <FilingType>D</FilingType>
    <StateDst>NY02</StateDst>
    <Year>2024</Year>
    <FilingDate>1/30/2024</FilingDate>
    <DocID>8220144</DocID>
  </Member>
  <Member>
    <Prefix />
    <Last>Swain</Last>
    <First>Alan D.</First>
    <Suffix />
    <FilingType>C</FilingType>
    <StateDst>NC02</StateDst>
    <Year>2024</Year>
    <FilingDate>1/17/2024</FilingDate>
    <DocID>10056618</DocID>
  </Member>
  <Member>
    <Prefix />
    <Last>Sykes</Last>
    <First>Jeffrey</First>
    <Suffix />
    <FilingType>D</FilingType>
    <StateDst>LA05</StateDst>
    <Year>2024</Year>
    <FilingDate>2/16/2024</FilingDate>
    <DocID>40003602</DocID>
  </Member>
  <Member>
    <Prefix />
    <Last>Sykes</Last>
    <First>Jeffrey</First>
    <Suffix />
    <FilingType>X</FilingType>
    <StateDst>LA06</StateDst>
    <Year>2024</Year>
    <FilingDate>2/12/2024</FilingDate>
    <DocID>30019591</DocID>
  </Member>
  <Member>
    <Prefix />
    <Last>Tanaka</Last>
    <First>Greg Lin</First>
    <Suffix />
    <FilingType>D</FilingType>
    <StateDst>CA16</StateDst>
    <Year>2024</Year>
    <FilingDate>1/22/2024</FilingDate>
    <DocID>40003590</DocID>
  </Member>
  <Member>
    <Prefix>Hon.</Prefix>
    <Last>Thanedar</Last>
    <First>Shri</First>
    <Suffix />
    <FilingType>P</FilingType>
    <StateDst>MI13</StateDst>
    <Year>2024</Year>
    <FilingDate>2/23/2024</FilingDate>
    <DocID>20024468</DocID>
  </Member>
  <Member>
    <Prefix>Dr.</Prefix>
    <Last>Tsai</Last>
    <First>Rick</First>
    <Suffix />
    <FilingType>C</FilingType>
    <StateDst>OH06</StateDst>
    <Year>2024</Year>
    <FilingDate>1/22/2024</FilingDate>
    <DocID>10056595</DocID>
  </Member>
  <Member>
    <Prefix />
    <Last>Villarreal Rigney</Last>
    <First>John</First>
    <Suffix />
    <FilingType>C</FilingType>
    <StateDst>TX15</StateDst>
    <Year>2024</Year>
    <FilingDate>2/4/2024</FilingDate>
    <DocID>10056644</DocID>
  </Member>
  <Member>
    <Prefix />
    <Last>Walker</Last>
    <First>Christopher</First>
    <Suffix />
    <FilingType>X</FilingType>
    <StateDst>WV02</StateDst>
    <Year>2024</Year>
    <FilingDate>1/29/2024</FilingDate>
    <DocID>30019578</DocID>
  </Member>
  <Member>
    <Prefix />
    <Last>Warren</Last>
    <First>Darren</First>
    <Suffix />
    <FilingType>D</FilingType>
    <StateDst>NC10</StateDst>
    <Year>2024</Year>
    <FilingDate>2/22/2024</FilingDate>
    <DocID>40003607</DocID>
  </Member>
  <Member>
    <Prefix>Hon.</Prefix>
    <Last>Wasserman Schultz</Last>
    <First>Debbie</First>
    <Suffix />
    <FilingType>P</FilingType>
    <StateDst>FL25</StateDst>
    <Year>2024</Year>
    <FilingDate>1/31/2024</FilingDate>
    <DocID>20024403</DocID>
  </Member>
  <Member>
    <Prefix />
    <Last>Waters</Last>
    <First>Dom</First>
    <Suffix />
    <FilingType>W</FilingType>
    <StateDst />
    <Year>2024</Year>
    <FilingDate />
    <DocID>8220146</DocID>
  </Member>
  <Member>
    <Prefix />
    <Last>Wilkin</Last>
    <First>Shane</First>
    <Suffix />
    <FilingType>C</FilingType>
    <StateDst>OH02</StateDst>
    <Year>2024</Year>
    <FilingDate>2/18/2024</FilingDate>
    <DocID>10056794</DocID>
  </Member>
  <Member>
    <Prefix />
    <Last>Wilkin</Last>
    <First>Shane</First>
    <Suffix />
    <FilingType>D</FilingType>
    <StateDst>OH02</StateDst>
    <Year>2024</Year>
    <FilingDate>1/18/2024</FilingDate>
    <DocID>8220116</DocID>
  </Member>
  <Member>
    <Prefix />
    <Last>Wilkin</Last>
    <First>Shane</First>
    <Suffix />
    <FilingType>X</FilingType>
    <StateDst>OH02</StateDst>
    <Year>2024</Year>
    <FilingDate>2/7/2024</FilingDate>
    <DocID>8220133</DocID>
  </Member>
  <Member>
    <Prefix>Hon.</Prefix>
    <Last>Yakym</Last>
    <First>Rudy</First>
    <Suffix>III</Suffix>
    <FilingType>P</FilingType>
    <StateDst>IN02</StateDst>
    <Year>2024</Year>
    <FilingDate>1/22/2024</FilingDate>
    <DocID>20024353</DocID>
  </Member>
  <Member>
    <Prefix>Hon.</Prefix>
    <Last>Yakym</Last>
    <First>Rudy</First>
    <Suffix>III</Suffix>
    <FilingType>P</FilingType>
    <StateDst>IN02</StateDst>
    <Year>2024</Year>
    <FilingDate>1/29/2024</FilingDate>
    <DocID>20024392</DocID>
  </Member>
  <Member>
    <Prefix />
    <Last>Yu</Last>
    <First>Peter</First>
    <Suffix />
    <FilingType>A</FilingType>
    <StateDst>CO04</StateDst>
    <Year>2024</Year>
    <FilingDate>1/31/2024</FilingDate>
    <DocID>10056687</DocID>
  </Member>
  <Member>
    <Prefix />
    <Last>Yu</Last>
    <First>Peter</First>
    <Suffix />
    <FilingType>C</FilingType>
    <StateDst>CO04</StateDst>
    <Year>2024</Year>
    <FilingDate>1/28/2024</FilingDate>
    <DocID>10056654</DocID>
  </Member>
</FinancialDisclosure>